{
  "clark": [
    {
      "a-fa": 4,
      "a-fh": 90,
      "a-ft": 0.1720000058412552,
      "a-fw": 90,
      "a-pe": 90,
      "a-ps": 90,
      "eff-a": false,
      "eff-d": 0.04500000178813934,
      "eff-t": 0.0,
      "hb-ltx": 728.0,
      "hb-lty": 163.00999450683594,
      "hb-rbx": 759.0,
      "hb-rby": 225.00999450683594,
      "layer": 2,
      "name": "clark",
      "path": "Assets\\Images\\link90x90.bmp",
      "script": "Scripts\\script.sqes",
      "pos-x": 700.0,
      "pos-y": 150.3300018310547,
      "speed": 183.00999450683594,
      "chr-r": 255,
      "chr-g": 0,
      "chr-b": 255,
      "hlt": 100.0,
      "dmg": 10.0,
      "a-oft": 50.0
    }
  ],
  "raymond": [
    {
      "a-fa": 4,
      "a-fh": 90,
      "a-ft": 0.1720000058412552,
      "a-fw": 90,
      "a-pe": 90,
      "a-ps": 90,
      "eff-a": false,
      "eff-d": 0.04500000178813934,
      "eff-t": 0.0,
      "hb-ltx": 524.0,
      "hb-lty": 114.0,
      "hb-rbx": 564.0,
      "hb-rby": 177.0,
      "layer": 3,
      "name": "raymond",
      "path": "Assets\\Images\\link90x90.bmp",
      "script": "Scripts\\script.sqes",
      "pos-x": 500.0,
      "pos-y": 100.0,
      "speed": 100.0,
      "chr-r": 255,
      "chr-g": 0,
      "chr-b": 255,
      "hlt": 100.0,
      "dmg": 10.0,
      "a-oft": 50.0
    }
  ]
}