{
  "clark": [
    {
      "eff-a": false,
      "eff-d": 0.04500000178813934,
      "eff-t": 0.0,
      "hb-ltx": 728.0,
      "hb-lty": 163.00999450683594,
      "hb-rbx": 759.0,
      "hb-rby": 225.00999450683594,
      "layer": 2,
      "name": "clark",
      "path": "Images\\link90x90.bmp",
      "pos-x": 700.0,
      "pos-y": 150.3300018310547,
      "speed": 183.00999450683594
    }
  ],
  "raymond": [
    {
      "eff-a": false,
      "eff-d": 0.04500000178813934,
      "eff-t": 0.0,
      "hb-ltx": 524.0,
      "hb-lty": 114.0,
      "hb-rbx": 564.0,
      "hb-rby": 177.0,
      "layer": 3,
      "name": "raymond",
      "path": "Images\\link90x90.bmp",
      "pos-x": 500.0,
      "pos-y": 100.0,
      "speed": 100.0
    }
  ]
}