{"settings":[{"b-b":0.03993510827422142,"b-g":0.03993510827422142,"b-r":0.1209302544593811,"b-s":true,"g-b":0.0,"g-g":0.0,"g-r":0.0,"g-s":true,"g-sc":50.0}]}