{"hb 0":[{"lt-x":328.0,"lt-y":190.0,"rb-x":1069.0,"rb-y":411.0}],"line 0":[{"end-x":457.0,"end-y":557.0,"start-x":376.0,"start-y":559.0}],"settings":[{"delta-collision":1.0,"h-clr-b":0.7024767398834229,"h-clr-g":0.9209302067756653,"h-clr-r":0.0,"l-clr-b":0.4474228322505951,"l-clr-g":0.6232558488845825,"l-clr-r":0.07537049055099487,"obj-vis":true}]}