{
  "hb 0": [
    {
      "lt-x": 720.0,
      "lt-y": 260.0,
      "rb-x": 740.0,
      "rb-y": 280.0
    }
  ],
  "line 0": [
    {
      "end-x": 968.0,
      "end-y": 224.0,
      "start-x": 320.260009765625,
      "start-y": 224.0
    }
  ],
  "line 1": [
    {
      "end-x": 321.0,
      "end-y": 496.0,
      "start-x": 321.0,
      "start-y": 157.0
    }
  ],
  "line 2": [
    {
      "end-x": 973.8599853515625,
      "end-y": 479.0,
      "start-x": 320.260009765625,
      "start-y": 479.0
    }
  ],
  "hb 1": [
    {
      "lt-x": 378,
      "lt-y": 262,
      "rb-x": 448,
      "rb-y": 334
    }
  ]
}