{"hb 0":[{"lt-x":723.0,"lt-y":264.0,"rb-x":883.0,"rb-y":311.0}],"hb 1":[{"lt-x":378,"lt-y":262,"rb-x":448,"rb-y":334}],"line 0":[{"end-x":968.0,"end-y":224.0,"start-x":320.260009765625,"start-y":224.0}],"settings":[{"delta-collision":1.0,"h-clr-b":0.7024767398834229,"h-clr-g":0.9209302067756653,"h-clr-r":0.0,"l-clr-b":0.4474228322505951,"l-clr-g":0.6232558488845825,"l-clr-r":0.07537049055099487,"obj-vis":true}]}