{"camera":[{"nc-able":true,"nc-speed":500.0,"pos-x":5.802326202392578,"pos-y":35.0589599609375}]}