{
  
  "mainperson": [
    {
      "a-fa": 4,
      "a-fh": 90,
      "a-ft": 0.1720000058412552,
      "a-fw": 90,
      "a-oft": 50.0,
      "a-pe": 90,
      "a-ps": 90,
      "camera-mode": 1,
      "chr-b": 255,
      "chr-g": 0,
      "chr-r": 255,
      "chr-a": true,
      "dmg": 10.0,
      "eff-a": false,
      "eff-d": 1.3070000410079956,
      "eff-t": 1.3170925378799438,
      "gravity": 300.0,
      "hb-ltx": 582.5372924804688,
      "hb-lty": 219.7222900390625,
      "hb-rbx": 616.5372924804688,
      "hb-rby": 285.7222900390625,
      "hlt": 100.0,
      "j-h": 12,
      "layer": 4,
      "name": "mainperson",
      "path": "Assets\\Images\\link90x90.bmp",
      "pos-x": 557.324951171875,
      "pos-y": 209.32894897460938,
      "speed": 180.0
    }
  ]
}