{"hb 0":[{"lt-x":873.0,"lt-y":233.0,"rb-x":945.0,"rb-y":288.0}],"line 0":[{"end-x":983.0,"end-y":401.0,"start-x":372.0,"start-y":401.0}],"line 1":[{"end-x":955,"end-y":359.0,"start-x":693,"start-y":359.0}],"settings":[{"delta-collision":1.0,"h-clr-b":0.7024767398834229,"h-clr-g":0.9209302067756653,"h-clr-r":0.0,"l-clr-b":0.4474228322505951,"l-clr-g":0.6232558488845825,"l-clr-r":0.07537049055099487,"obj-vis":true}]}