{"hb 0":[{"lt-x":869.280029296875,"lt-y":294.1199951171875,"rb-x":945.0,"rb-y":333.3299865722656}],"hb 1":[{"lt-x":729.0,"lt-y":346.4100036621094,"rb-x":981.0,"rb-y":384.0}],"line 0":[{"end-x":730.0,"end-y":384.0,"start-x":228.75999450683594,"start-y":384.0}],"settings":[{"delta-collision":1.0,"h-clr-b":0.7024767398834229,"h-clr-g":0.9209302067756653,"h-clr-r":0.0,"l-clr-b":0.4474228322505951,"l-clr-g":0.6232558488845825,"l-clr-r":0.07537049055099487,"obj-vis":true}]}