{
  "banan": [
    {
      "eff-a": false,
      "eff-d": 1.3070000410079956,
      "eff-t": 1.3170925378799438,
      "hb-ltx": 593.9306030273438,
      "hb-lty": 292.1808166503906,
      "hb-rbx": 627.9305419921875,
      "hb-rby": 355.1808166503906,
      "name": "banan",
      "path": "Images\\link90x90.bmp",
      "pos-x": 568.9295654296875,
      "pos-y": 279.4468688964844,
      "speed": 78.43000030517578
    }
  ]
}