{"clark":[{"a-fa":4,"a-fh":90,"a-ft":0.1720000058412552,"a-fw":90,"a-pe":90,"a-ps":90,"eff-a":false,"eff-d":0.04500000178813934,"eff-t":0.0,"hb-ltx":741.1599731445313,"hb-lty":165.8199920654297,"hb-rbx":772.1599731445313,"hb-rby":224.8199920654297,"layer":2,"name":"clark","path":"Images\\link90x90.bmp","pos-x":712.4199829101563,"pos-y":150.0,"speed":183.00999450683594}],"raymond":[{"a-fa":4,"a-fh":90,"a-ft":0.1720000058412552,"a-fw":90,"a-pe":90,"a-ps":90,"eff-a":false,"eff-d":0.04500000178813934,"eff-t":0.0,"hb-ltx":542.4400024414063,"hb-lty":113.80999755859375,"hb-rbx":575.4400024414063,"hb-rby":172.80999755859375,"layer":3,"name":"raymond","path":"Images\\link90x90.bmp","pos-x":516.3400268554688,"pos-y":98.04000091552734,"speed":100.0}]}