{"banan":[{"eff-a":false,"eff-d":0.04500000178813934,"eff-t":0.0,"hb-ltx":583.8305053710938,"hb-lty":333.4792785644531,"hb-rbx":617.8305053710938,"hb-rby":393.479248046875,"name":"banan","path":"C:\\Users\\Yaros\\source\\projects\\squareengine\\squareengine\\Images\\link90x90.bmp","pos-x":558.5399780273438,"pos-y":318.9349365234375,"speed":110.0}]}