{"banan":[{"eff-a":false,"eff-d":0.04500000178813934,"eff-t":0.0,"hb-ltx":588.2227783203125,"hb-lty":441.2023010253906,"hb-rbx":618.2227783203125,"hb-rby":498.2023010253906,"name":"banan","path":"C:\\Users\\Yaros\\source\\projects\\squareengine\\squareengine\\Images\\link90x90.bmp","pos-x":360.5666809082031,"pos-y":392.4165344238281,"speed":110.0}]}