{
  "mainperson": [
    {
      "a-fa": 4,
      "a-fh": 90,
      "a-ft": 0.1720000058412552,
      "a-fw": 90,
      "a-pe": 90,
      "a-ps": 90,
      "camera-mode": 1,
      "eff-a": false,
      "eff-d": 1.3070000410079956,
      "eff-t": 1.3170925378799438,
      "gravity": 300.0,
      "hb-ltx": 594.1419067382813,
      "hb-lty": 289.8402099609375,
      "hb-rbx": 628.1419067382813,
      "hb-rby": 355.8402099609375,
      "j-h": 8,
      "layer": 4,
      "name": "mainperson",
      "path": "Assets\\Images\\link90x90.bmp",
      "pos-x": 568.9295654296875,
      "pos-y": 279.4468688964844,
      "speed": 104.58000183105469,
      "chr-r": 255,
      "chr-g": 0,
      "chr-b": 255,
      "hlt": 100.0,
      "dmg": 10.0
    }
  ]
}